domain,industry
www.jumia.com.ng,E-commerce
www.konga.com,E-commerce
gtbank.com,Finance
zenithbank.com,Finance
www.airtel.com.ng,Telecommunications
guardian.ng,News & Media
punchng.com,News & Media
vanguardngr.com,News & Media
www.thisdaylive.com,News & Media
www.nta.ng,News & Media
nairabet.com,Sports & Betting
unilag.edu.ng,Education
nairaland.com,Social & Community
www.jobberman.com,Jobs & Recruitment
accessbankplc.com,Finance
www.ubagroup.com,Finance
fcmb.com,Finance
fidelitybank.ng,Finance
www.polarisbanklimited.com,Finance
www.mtn.ng,Telecommunications
www.glo.com,Telecommunications
spectranet.com.ng,Telecommunications
smile.com.ng,Telecommunications
swift.com.ng,Telecommunications
www.coollink.ng,Telecommunications
www.tizeti.com,Telecommunications
ntel.com.ng,Telecommunications
www.premiumtimesng.com,News & Media
dailypost.ng,News & Media
thesun.ng,News & Media
tribuneonlineng.com,News & Media
businessday.ng,News & Media
nairametrics.com,News & Media
techcabal.com,News & Media
techpoint.africa,News & Media
www.bellanaija.com,News & Media
paystack.com,Technology
flutterwave.com,Technology
cowrywise.com,Technology
www.kuda.com,Technology
fairmoney.io,Technology
monnify.com,Technology
interswitchgroup.com,Technology
remita.net,Technology
www.jumia.com,E-commerce
jiji.ng,E-commerce
slot.ng,E-commerce
fouani.com,E-commerce
obiwezy.com,E-commerce
cartsy.ng,E-commerce
www.unn.edu.ng,Education
www.noun.edu.ng,Education
lasu.edu.ng,Education
yabatech.edu.ng,Education
customs.gov.ng,Government
efcc.gov.ng,Government
nafdac.gov.ng,Government
inec.gov.ng,Government
cac.gov.ng,Government
ncc.gov.ng,Government
www.sportybet.com,Sports & Betting
1xbet.ng,Sports & Betting
www.betking.com,Sports & Betting
www.bangbet.com,Sports & Betting
www.betway.com.ng,Sports & Betting
supabets.com.ng,Sports & Betting
paripesa.ng,Sports & Betting
www.cloudbet.com,Sports & Betting
www.msport.com,Sports & Betting
www.hotnigerianjobs.com,Jobs & Recruitment
www.myjobmag.com,Jobs & Recruitment
www.jobteaser.com,Jobs & Recruitment
recruitng.com,Jobs & Recruitment
nigeriajobs.com,Jobs & Recruitment
jobgurus.com.ng,Jobs & Recruitment
findworkabroad.com,Jobs & Recruitment
careersinnigeria.com,Jobs & Recruitment
naijaplanet.com,Social & Community
nigerianforum.com,Social & Community
www.nigeriagalleria.com,Social & Community
www.naijaonpoint.com,Social & Community
www.naijapals.com,Social & Community
naijapage.com,Social & Community
www.gtcocalcomp.com,Finance
wemabank.com,Finance
unionbankng.com,Finance
www.prospera.com.ng,Finance
www.creditdirect.ng,Finance
renmoney.com,Finance
www.migo.ng,Finance
www.airtel.africa,Telecommunications
www.hugedomains.com,Telecommunications
glomobile.com,Telecommunications
liquid.tech,Telecommunications
www.lindaikejisblog.com,News & Media
www.informationng.com,News & Media
www.yabaleftonline.ng,News & Media
thecable.ng,News & Media
saharareporters.com,News & Media
www.ripplesnigeria.com,News & Media
dailytrust.com,News & Media
blueprint.ng,News & Media
nigerianbulletin.com,News & Media
abusidiqu.com,News & Media
www.andela.com,Technology
www.mypaga.com,Technology
moniepoint.com,Technology
eyowo.com,Technology
teamapt.com,Technology
nomba.com,Technology
lendsqr.com,Technology
spar.com.ng,E-commerce
ajebomarket.com,E-commerce
kangpe.com,E-commerce
futminna.edu.ng,Education
www.uniport.edu.ng,Education
eksu.edu.ng,Education
unical.edu.ng,Education
delsu.edu.ng,Education
fuoye.edu.ng,Education
kwasu.edu.ng,Education
mapoly.edu.ng,Education
jamb.gov.ng,Government
neco.gov.ng,Government
tetfund.gov.ng,Government
www.nuc.edu.ng,Government
nairabet.com.ng,Sports & Betting
betensured.com,Sports & Betting
surebet247.com,Sports & Betting
www.betpawa.ng,Sports & Betting
luckyday.com,Sports & Betting
forebet.com,Sports & Betting
joblistnigeria.com,Jobs & Recruitment
worknigeria.com,Jobs & Recruitment
nigeriajobsearch.com,Jobs & Recruitment
nigerianfinder.com,Social & Community
nigeriansinamerica.com,Social & Community
nigeriaworld.com,Social & Community
nigerianmonitor.com,Social & Community
naijauncut.com,Social & Community
nigerianprice.com,Social & Community
naijauto.com,Social & Community
seun.com.ng,Technology
buypower.ng,Technology
whogohost.com,Technology
travefy.com,Technology
hotels.ng,Technology
printivo.com,Technology
publiseer.net,Technology
edves.com,Technology
classnotes.ng,Technology
myschool.ng,Education
examstudyguide.com,Education
pastquestion.com.ng,Education
autojosh.com,Technology
www.cars45.com,Technology
olx.com,E-commerce
fashpa.com,E-commerce
asos.ng,E-commerce
thenationonlineng.net,News & Media
independent.ng,News & Media
leadership.ng,News & Media
newsdiaryonline.com,News & Media
newsexpressngr.com,News & Media
www.channelstv.com,News & Media
www.arise.tv,News & Media
www.tvcnews.tv,News & Media
wazobia.fm,News & Media
raybrehm.com,News & Media
www.pulse.ng,News & Media
notjustok.com,News & Media
tooxclusive.com,News & Media
olorisupergal.com,News & Media
ynaija.com,News & Media
www.nollywoodgists.com,News & Media
www.iroko.com,Technology
cashenvoy.com,Finance
blog.credicorp.ng,Finance
www.quickcheck.ng,Finance
kiakia.co,Finance
branch.co,Finance
sparkle.io,Finance
veritaskapital.com,Finance
www.coronationmb.com,Finance
hisa.co,Finance
bamboo.africa,Finance
www.risevest.com,Finance
www.piggyvest.com,Finance
afrinvest.com,Finance
meristemng.com,Finance
cordros.com,Finance
www.arm.com.ng,Finance
mutual-benefits.com,Finance
lasaco.com,Finance
naicom.gov.ng,Government
www.pencom.gov.ng,Government
sec.gov.ng,Government
www.naijatechguide.com,Technology
technext.ng,Technology
businesspost.ng,News & Media
proshare.co,Finance
dataphyte.com,Technology
www.stears.co,Technology
busha.io,Technology
www.luno.com,Technology
patricia.com,Technology
yellowcard.io,Technology
bitnob.com,Technology
alertsol.com,Technology
sudo.africa,Technology
okra.ng,Technology
mono.co,Technology
indicina.co,Technology
blusalt.com,Technology
www.duplo.com,Technology
thepeer.co,Technology
kwik.delivery,Technology
sendbox.co,Technology
lori.systems,Technology
www.trella.app,Technology
autochek.africa,Technology
mecho.tech,Technology
bolt.eu,Technology
www.uber.com,Technology
www.shuttlers.co,Technology
plentywaka.com,Technology
www.treepz.com,Technology
nipost.gov.ng,Government
faan.gov.ng,Government
nesrea.gov.ng,Government
naca.gov.ng,Government
ncdc.gov.ng,Government
www.who.int,Government
www.unicef.org,Government
www.undp.org,Government
www.worldbank.org,Government
www.imf.org,Government
www.unodc.org,Government
www.amnesty.org.ng,Government
mdcn.gov.ng,Government
pharmacycouncil.org,Government
mlscn.gov.ng,Government
propertypro.ng,Technology
nigeriapropertycentre.com,Technology
pwan.com.ng,Technology
privateproperty.ng,Technology
estateintel.com,Technology
buyletlive.com,Technology
v2.tuteria.com,Education
prepclass.com.ng,Education
edubridge.com.ng,Education
unitedportraits.com,Education
www.nexford.edu,Education
schoolgist.ng,Education
www.scholarshipregion.com,Education
www.afterschoolafrica.com,Education
www.opportunitiesforafricans.com,Education
www.daad.de,Education
www.britishcouncil.org.ng,Education
americanspaces.state.gov,Education
www.goethe.de,Education
nigeriaolympic.org,Sports & Betting
www.completesports.com,Sports & Betting
soccernet.ng,Sports & Betting
allnigeriasoccer.com,Sports & Betting
www.naijaprey.tv,News & Media
naijared.com,Technology
darknaija.com,Technology
nysc.org.ng,Technology
znanija.com,Technology
nou.edu.ng,Education
www.flashscore.com.ng,Technology
www.ceenaija.com,Technology
www.naijatape.com,Technology
naijafap.com,Technology
www.legit.ng,Technology
www.google.ng,Technology
www.net9ja.tv,Technology
wap.justnaija.com,Technology
www.betano.ng,Sports & Betting
www.bedienungsanleitu.ng,Technology
www.businesslist.com.ng,Technology
tehnomanija.rs,Technology
www.linkomanija.net,Technology
pmnewsnigeria.com,News & Media
1win.ng,Technology
naijapornsite.com,Technology
easywin.ng,Technology
babaijebu.ng,Technology
nacknaija.com,Technology
nelf.gov.ng,Government
unogoal.turkamerikali.com,Technology
oouagoiwoye.edu.ng,Education
ptdf.gov.ng,Government
22bet.ng,Sports & Betting
www.zoomscores.ng,Technology
thenetnaija.com.ng,Technology
cokewithmeals.ng,Technology
egis.com.ng,Technology
fzmovies.ng,Technology
thenkiri.com.ng,Technology
unicalexams.edu.ng,Education
waec.com.ng,Technology
xfmusic-nigeria.com,Technology
immigration.gov.ng,Government
buk.edu.ng,Education
www.amazon.com,Technology
waeconline.org.ng,Technology
naijadomains.com,Technology
crossriverstate.gov.ng,Government
fztvseries.ng,News & Media
njfp.ng,Technology
www.bitget.ng,Technology
www.bruksanvisni.ng,Technology
aaua.edu.ng,Education
naijamatta.com,Technology
blagosoft.com,Technology
oauife.edu.ng,Education
www.naijanews.com,News & Media
covenantuniversity.edu.ng,Education
fcterc.gov.ng,Government
nysc.gov.ng,Government
radiantnan.com.ng,Technology
shoeplace.ng,Technology
plinko.com.ng,Technology
www.ulagos.cl,Technology
www.anijam.ai,Technology
ncse.ngo,Technology
destinedhost.com.ng,Technology
pir.org,Technology
www.handleidi.ng,Technology
lagosstate.gov.ng,Government
tfhost.ng,Technology
www.mozzartbet.ng,Sports & Betting
drc.ngo,Technology
bowen.edu.ng,Education
von.gov.ng,Government
wrap.ngo,Technology
blogspot.com.ng,News & Media
thenkiri.ng,Technology
www.guiafacillagos.com.br,Technology
www.naijavault.com,Technology
lasued.edu.ng,Education
www.vulte.ng,Technology
www.apartmanija.hr,Technology
u-buy.com.ng,E-commerce
www.pulsesports.ng,Sports & Betting
www.avtomanija.com,Technology
www.cscs.ng,Technology
smeplug.ng,Technology
heyplaces.com.ng,Technology
winpesa.ng,Technology
www.kemifilani.ng,Technology
www.buycard.ng,E-commerce
www.ngmovies.com.ng,Technology
abudlc-edu.ng,Education
bsum.edu.ng,Education
ned.gov.ng,Government
www.automanijak.com,Technology
dldownload.com.ng,Technology
naijaxx.com,Technology
dfbnigeria.org.ng,Technology
gifmis.gov.ng,Government
gojelly.com.ng,Technology
mplify.com,Technology
possap.gov.ng,Government
thenetnaija.ng,Technology
ayema.ng,Technology
theeagleonline.com.ng,Technology
funaab.edu.ng,Education
movie-box.com.ng,Technology
www.bet9japromotioncode.com.ng,Sports & Betting
nuprc.gov.ng,Government
nitda.gov.ng,Government
7starhd.schule,Technology
funai.edu.ng,Education
nsuk.edu.ng,Education
www.tsuniversity.edu.ng,Education
fulokoja.edu.ng,Education
www.tori.ng,Technology
www.icirnigeria.org,Technology
scholastica.ng,Technology
thewhistler.ng,Technology
federalpolyayede.edu.ng,Education
www.wego.com.ng,Technology
www.spri.ng,Technology
www.footballinnigeria.com.ng,Sports & Betting
ogunstate.gov.ng,Government
home.bauchistate.gov.ng,Government
www.soccerway.com,Technology
disclose.ngo,Technology
kogistatepolytechnic.edu.ng,Education
ndcnigeria.com,Technology
soloearn.com.ng,Technology
www.latestnigeriannews.com,News & Media
flyunitednigeria.com,Technology
hosting.com,Technology
www.slovenijanet.com,Technology
sterling.ng,Technology
futa.edu.ng,Education
www.thenigerianvoice.com,Technology
deluxe.com.ng,Technology
www.abuad.edu.ng,Education
tau.edu.ng,Education
services.global.ntt,Technology
uniuyo.edu.ng,Education
statehouse.gov.ng,Government
kissandfly.ng,Technology
nigeriaaramco.online,Technology
www.google.com,Technology
nibss-plc.com.ng,Technology
hata.ng,Technology
farmsquare.ng,Technology
examquestions.ng,Technology
novamakedonija.com.mk,Technology
fij.ng,Technology
bcgamebet.ng,Sports & Betting
infoguidenigeria.com,Technology
www.banijay.com,Technology
worship.com.ng,Technology
vipvendor.ng,Technology
betwinner.ng,Sports & Betting
minijalgpall.ee,Technology
netnaija.film,Technology
lautech.edu.ng,Education
www.twinkl.com.ng,Technology
ong.ng,Technology
www.youtube.com,Technology
chickenroads.com.ng,Technology
www.bettingacademynigeria.com,Sports & Betting
thenigerialawyer.com,Technology
dailynigerian.com,Technology
akwaibomstate.gov.ng,Government
jobnet.ng,Jobs & Recruitment
autoline.ng,Technology
uniosun.edu.ng,Education
germanijak.hr,Technology
nijamtv.com,News & Media
emmalexictsolutions.com.ng,Technology
naija247news.com,News & Media
southwesternuniversity.edu.ng,Education
melbet.ng,Sports & Betting
www.manijauto.com.mx,Technology
veritas.edu.ng,Education
www.jobzilla.ng,Jobs & Recruitment
fragrances.com.ng,Technology
www.coupang.com,Technology
uam.edu.ng,Education
ttdalk.ng,Technology
zinko.com.ng,Technology
pin-up-casino.ng,Technology
cprc-clasp.ngo,Technology
nira.org.ng,Technology
iweb.ng,Technology
ulearngo.com,Technology
owngoalnigeria.com,Technology
nwmdlz.net.ng,Technology
www.lbs.edu.ng,Education
www.rsu.edu.ng,Education
www.nigeriacommunicationsweek.com.ng,Technology
domains.ng,Technology
naijasingles.net,Technology
superprof.ng,Technology
opor.ng,Technology
miva.edu.ng,Education
run.edu.ng,Education
adcregistration.ng,Technology
kadunapoly.edu.ng,Education
kustwudil.edu.ng,Education
pdpnigeria.org,Technology
nigerianobservernews.com,News & Media
fudutsinma.edu.ng,Education
perfectfitness.com.ng,Technology
friendzone.com.ng,Technology
paradisenews.ng,News & Media
vaccination.gov.ng,Government
umyu.edu.ng,Education
www.udusok.edu.ng,Education
sky88.dad,Technology
www.illuminaija.com,Technology
lcu.edu.ng,Education
www.sports247.ng,Sports & Betting
pau.edu.ng,Education
aws.com.ng,Technology
smedan.gov.ng,Government
machineryline.ng,Technology
itf.gov.ng,Government
nigeria-real-estate.com,Technology
www.travelstart.com.ng,Technology
tasued.edu.ng,Education
futo.edu.ng,Education
digitaltribe.com.ng,Technology
www.exoticnigeria.com,Technology
techeconomy.ng,Technology
mtu.edu.ng,Education
rlagosnoticias.com.br,Technology
realtornigeria.com,Technology
www.nigerianeye.com,Technology
web.naijaremix.com,Technology
www.environewsnigeria.com,News & Media
vhsnigeria.com,Technology
nileuniversity.edu.ng,Education
emmcoc.com.ng,Technology
www22.thinknews.com.ng,News & Media
jabu.edu.ng,Education
nnn.ng,Technology
jobsinnigeria.careers,Jobs & Recruitment
politicsnigeria.com,Technology
tell.ng,Technology
anambrastate.gov.ng,Government
bcbet.ng,Sports & Betting
google.com.ng,Technology
jumia.com.ng,E-commerce
airtel.com.ng,Telecommunications
thisdaylive.com,News & Media
nta.ng,News & Media
ui.edu.ng,Education
jobberman.com,Jobs & Recruitment
ubagroup.com,Finance
mtn.ng,Telecommunications
glo.com,Telecommunications
coollink.ng,Telecommunications
tizeti.com,Telecommunications
sunnewsonline.com,News & Media
bellanaija.com,News & Media
kuda.com,Technology
fairmoney.ng,Technology
jumia.com,E-commerce
payporte.com,E-commerce
unn.edu.ng,Education
noun.edu.ng,Education
nimc.gov.ng,Government
frsc.gov.ng,Government
bangbet.com,Sports & Betting
betway.com.ng,Sports & Betting
jobberman.com.ng,Jobs & Recruitment
ngcareers.com,Jobs & Recruitment
myjobmag.com,Jobs & Recruitment
graduateland.com,Jobs & Recruitment
naijaloaded.com.ng,Social & Community
nigeriagalleria.com,Social & Community
naijaonpoint.com,Social & Community
naijapals.com,Social & Community
gtco.com,Finance
prospera.com.ng,Finance
creditdirect.ng,Finance
migo.money,Finance
nigcomsat.com,Telecommunications
ctplatforms.com,Telecommunications
yabaleftonline.ng,News & Media
paga.com,Technology
opay.com,Technology
uniport.edu.ng,Education
unizik.edu.ng,Education
betpawa.com.ng,Sports & Betting
luckydayapp.com,Sports & Betting
naijajobfinder.com,Jobs & Recruitment
publiseer.com,Technology
nigerianauto.com,Technology
cars45.com,Technology
jiji.com.ng,E-commerce
olx.com.ng,E-commerce
channelstv.com,News & Media
arise.tv,News & Media
tvcnews.tv,News & Media
ray.fm,News & Media
pulse.ng,News & Media
nollywoodgists.com,News & Media
iroko.com,Technology
creditcorp.ng,Finance
quickcheck.ng,Finance
chaka.ng,Finance
risevest.com,Finance
piggyvest.com,Finance
arm.com.ng,Finance
leadway.com,Finance
cbn.gov.ng,Government
trella.app,Technology
max.ng,Technology
uber.com,Technology
shuttlers.ng,Technology
treepz.com,Technology
ncaa.gov.ng,Government
who.int,Government
unicef.org,Government
undp.org,Government
worldbank.org,Government
imf.org,Government
tolet.com.ng,Technology
lamudi.com.ng,Technology
privateproperty.com.ng,Technology
tuteria.com,Education
schoolid.net,Education
nexford.org,Education
schoolgist.com.ng,Education
scholarshipregion.com,Education
afterschoolafrica.com,Education
opportunitiesforafricans.com,Education
goethe.de,Education
completesports.com,Sports & Betting
nigeriasoccernet.com,Sports & Betting
naijaprey.tv,News & Media
flashscore.com.ng,Technology
inecnigeria.org,Technology
ceenaija.com,Technology
ulagos.cl,Technology
anijam.ai,Technology
nic.ngo,Technology
handleidi.ng,Technology
mozzartbet.ng,Sports & Betting
guiafacillagos.com.br,Technology
naijavault.com,Technology
nigerianstat.gov.ng,Government
nigeriadriverslicence.org,Technology
nigeriasquare.com,Technology
nannews.ng,News & Media
banijay.com,Technology
twinkl.com.ng,Technology
youtube.ng,Technology
bettingacademynigeria.com,Sports & Betting
jobzilla.ng,Jobs & Recruitment
coupa.ng,Technology
youtube.com.ng,Technology
ceapoly.edu.ng,Education
nigerianscholars.com,Technology
npf.gov.ng,Government
lbs.edu.ng,Education
rsu.edu.ng,Education
osisat.edu.ng,Education
nigeriacommunicationsweek.com.ng,Technology
udusok.edu.ng,Education
sky88.ng,Technology
illuminaija.com,Technology
sports247.ng,Sports & Betting
travelstart.com.ng,Technology
boi.ng,Technology
exoticnigeria.com,Technology
nigerianeye.com,Technology
naijaremix.com,Technology
ysu.edu.ng,Education
aauekpoma.edu.ng,Education
coou.edu.ng,Education
smartcashpsb.ng,Technology
buzznigeria.com,Technology
watchlocker.ng,Technology
truehost.com.ng,Technology
https.ng,Technology
luno.com.ng,Technology
unimed.edu.ng,Education
opinionnigeria.com,Technology
radionigeria.gov.ng,News & Media
nationalpopulation.gov.ng,Government
kanosubeb.org.ng,Technology
mastercareer.com.ng,Jobs & Recruitment
ppsscanambra.com.ng,Technology
nda.edu.ng,Education
movendi.ngo,Technology
naija927.com,Technology
betanoshops.ng,Sports & Betting
educategirls.ngo,Education
fulafia.edu.ng,Education
allnigeriafootball.com,Sports & Betting
mynigeria.com,Technology
thenewsguru.ng,News & Media
ndlea.gov.ng,Government
connectnigeria.com,Social & Community
truck1.com.ng,Technology
nnho.ng,Technology
environewsnigeria.com,News & Media
esut.edu.ng,Education
thinknews.com.ng,News & Media
championnews.com.ng,News & Media
adelekeuniversity.edu.ng,Education
proudindian.ngo,Technology
aun.edu.ng,Education
alitech.com.ng,Technology
plinkoslovenija.si,Technology
ncr.gov.ng,Government
publichealth.com.ng,Technology
spade.ng,Technology
nngallery.net.ng,Technology
ondostate.gov.ng,Government
jigawastate.gov.ng,Government
allnnpics.com.ng,Technology
suburbancloud.ng,Technology
36ng.ng,Technology
pls.com.ng,Technology
shipperscouncil.gov.ng,Government
nedwater.com.ng,Technology
betbaba.ng,Sports & Betting
inocul8.com.ng,Technology
bouesti.edu.ng,Education
slu.edu.ng,Education
foursquare.org.ng,Technology
naijafeed.com,Technology
gouni.edu.ng,Education
faithtabernacle.org.ng,Technology
webcams.name.ng,Technology
smartweb.com.ng,Technology
ashwarmediahausa.com.ng,News & Media
naijatempo.com.ng,Technology
nmcn.gov.ng,Government
spark.ngo,Technology
teras.ng,Technology
nairacompare.ng,Technology
buybetter.ng,Sports & Betting
uat.edu.ng,Education
naijasermons.com.ng,Technology
nairahost.ng,Technology
kanostate.gov.ng,Government
mjstore.com.ng,E-commerce
topbettingsites.ng,Sports & Betting
abudlc.edu.ng,Education
agenthub.com.ng,Technology
alend.ng,Technology
alhikmahuniversity.edu.ng,Education
alrahuzdata.com.ng,Technology
alwaysverify.com.ng,Technology
autoreg.ng,Technology
babaijeburesults.ng,Technology
bebomanija.com,Technology
billscribe.ng,Technology
bimptai.com.ng,Technology
bizvestor.com.ng,Technology
butikantonija.com,Technology
cccr-nigeriaace4.org,Technology
checkmyninbvn.com.ng,Technology
chprbn.gov.ng,Government
cinehub.com.ng,Technology
custech.edu.ng,Education
cutoffmark.ng,Technology
dailylightuntothypath.com.ng,Technology
datastation.com.ng,Technology
derbylotto.com.ng,Technology
dhis2nigeria.org.ng,Technology
divineflaver.com.ng,Technology
dou.edu.ng,Education
earncrib.com.ng,Technology
earndaily9jaa.com.ng,Technology
easyaccess.com.ng,Technology
easymedical.ng,Technology
eazyverify.com.ng,Technology
ebill.com.ng,Technology
energize.com.ng,Technology
ennysounds9ja.com.ng,Technology
fortebet.ng,Sports & Betting
fptb.edu.ng,Education
fuwportal.edu.ng,Education
gaposa.edu.ng,Education
getid.com.ng,Technology
goalrushtm.com.ng,Technology
gsds.ng,Technology
gsu.edu.ng,Education
healthfellows.ng,Technology
healthlmis.ng,Technology
hotnewceleb9ja.com.ng,Technology
i-unija.lt,Technology
imsmart.com.ng,Technology
indomie.ng,Technology
informantonline.com.ng,Technology
jankado.com.ng,Technology
jonet.com.ng,Technology
jrb.gov.ng,Government
kirs.gov.ng,Government
kissasian.ng,Technology
konnect.com.ng,Technology
ktschmaonline.com.ng,Technology
kwarastatepolytechnic.edu.ng,Education
learn2earn.ng,Education
mannyjamz.com.ng,Technology
maxair.com.ng,Technology
maxispace.net.ng,Technology
mercury.ng,Technology
modhip.gov.ng,Government
mojabet.ng,Sports & Betting
mtnbroadband.ng,Technology
mynetnaija.ng,Technology
mysmartmedia.com.ng,News & Media
mytrackingslip.com.ng,Technology
naijablow.com,Technology
naijadjmix.com,Technology
naijaporntube.com,Technology
naijastick.com.ng,Technology
naijaverify.com,Technology
nairarain.ng,Technology
nderegistrationportal.ng,Technology
ndu-eface.edu.ng,Education
nigeria.com.ar,Technology
nigerianchristiansingles.com,Technology
nijansa.rs,Technology
ninbvnportal.com.ng,Technology
nivea.com.ng,Technology
nmdpra.gov.ng,Government
nrc-fane.ng,Technology
nse.org.ng,Technology
nsitf.gov.ng,Government
nsw.gov.ng,Government
nubapoly.edu.ng,Education
nwu.edu.ng,Education
nyscfoundation.org.ng,Technology
paau.edu.ng,Education
payme-one.com.ng,Finance
paypen.ng,Finance
payteller.ng,Finance
payvis.ng,Finance
phmlnigeria.com,Technology
plasu.edu.ng,Education
playmp3.com.ng,Technology
ptml-nigeria.com,Technology
pwfbng.com.ng,Technology
s8v.ng,Technology
safeguardingchildren.org.ng,Technology
sanlamallianz.com.ng,Technology
scholarsworld.ng,Technology
scholarzone.ng,Technology
scoutier.com.ng,Technology
shanijacobi.co.il,Technology
slovenijales.si,Technology
socially.ng,Social & Community
sociout.com.ng,Technology
softnetpay.ng,Finance
sportmanija.mk,Sports & Betting
streetflows.com.ng,Technology
summitech.ng,Technology
swift.ng,Technology
tacnaharmonija.rs,Technology
teasypay.ng,Finance
tescomscoop.ng,Technology
thearticle9ja.com.ng,Technology
tps.ng,Technology
trcn.gov.ng,Government
trendyloaded.ng,Technology
tripleg.ng,Technology
ttp.com.ng,Technology
unijakut.top,Technology
unimaidcdl.edu.ng,Education
veniteuniversity.edu.ng,Education
virelia.com.ng,Technology
vplay.ng,Technology
vreme-slovenija.si,Technology
vtech.ng,Technology
wisetelecoms.ng,Telecommunications
xclusivepulse.com.ng,Technology
xfmg-nigeria.com,Technology
zit.ng,Technology
bizwatchnigeria.ng,Technology
ekitistate.gov.ng,Government
litechnija.lt,Technology
nigerianbar.org.ng,Technology
pmhserver.name.ng,Technology
lagoscitypolytechnic.edu.ng,Education
nnpics.org.ng,Technology
koladaisiuniversity.edu.ng,Education
chronicle.ng,Technology
omf.ngo,Technology
waziri.ng,Technology
hotelexponigeria.com,Technology
nigeriahealthwatch.com,Technology
jukeboxmusic.com.ng,Technology
nigeria24.me,Technology
shell.com.ng,Technology
sportbetting.ng,Sports & Betting
nilds.gov.ng,Government
ebay.ng,Technology
iproject.com.ng,Technology
casaduartelagos.com,Technology
pin-upcasino-nigeria.com,Technology
naijacontacts.com,Technology
nigeriannewsdirect.com,News & Media
dawahnigeria.com,Technology
energymall.ng,Technology
sudambikweb.com.ng,Technology
dolkon.ng,Technology
znanija.site,Technology
festivalinterlagos.com.br,Technology
spinrise-slovenija.com,Technology
airforce.mil.ng,Technology
nass.gov.ng,Government
nigeriainfo.fm,Technology
onewin.ng,Technology
animepahe.ng,Technology
deponija.si,Technology
aminiya.ng,Technology
abujan.com,Technology
nssrcc.gov.ng,Government
fud.edu.ng,Education
naijatab.com,Technology
waecnigeria.org,Technology
bsnsports.com.ng,Sports & Betting
insidebusiness.ng,Technology
oaucdl.edu.ng,Education
encomium.ng,Technology
tv360nigeria.com,News & Media
thefamousnaija.com,Technology
fmino.gov.ng,Government
1-win.ng,Technology
dyson.ng,Technology
calebuniversity.edu.ng,Education
amksongs.com.ng,Technology
beqa.ng,Technology
biu.edu.ng,Education
classyteelogs.com.ng,Technology
dcontroller.com.ng,Technology
dirtynaija.ng,Technology
dragnetscreening.ng,Technology
fedpolydaura.edu.ng,Education
irecharge.ng,Technology
kdums.edu.ng,Education
lindomanija.com,Technology
mapced.com.ng,Technology
naijahomemade.com,Technology
naijajoy.com.ng,Technology
naijarated.com,Technology
nigeriahotgirls.com,Technology
nogicjqs.gov.ng,Government
ogitech.edu.ng,Education
paytok.com.ng,Finance
polyibadan.edu.ng,Education
uou.edu.ng,Education
wildlagos.com,Technology
yschma.com.ng,Technology
hostcube.com.ng,Technology
kairosenergy.ng,Technology
maritimeacademy.gov.ng,Government
bystrovozvodimye-zdanija.ru,Technology
carlots.ng,Technology
giv.com.ng,Technology
naijagists.com,Technology
naijatape.com,Technology
legit.ng,Technology
google.ng,Technology
psc.gov.ng,Government
net9ja.com.ng,Technology
jadrolinija.hr,Technology
justnaija.com,Technology
betano.ng,Sports & Betting
bedienungsanleitu.ng,Technology
dns.com.ng,Technology
businesslist.com.ng,Technology
themoviesflix.ngo,Technology
linkomanija.net,Technology
betpawa.ng,Sports & Betting
seriezloaded.com.ng,Technology
ultimatenaija.com,Technology
zoomscores.ng,Technology
amazon.com.ng,Technology
bitget.ng,Technology
bruksanvisni.ng,Technology
education.gov.ng,Education
wamoni.com.ng,Technology
army.mil.ng,Technology
naijanews.com,News & Media
lmu.edu.ng,Education
babcock.edu.ng,Education
mtnnigeria.net,Technology
ek.gov.ng,Government
vulte.ng,Technology
apartmanija.hr,Technology
pulsesports.ng,Sports & Betting
oshofree.ng,Technology
avtomanija.com,Technology
cscs.ng,Technology
kemifilani.ng,Technology
buycard.ng,E-commerce
ngmovies.com.ng,Technology
automanijak.com,Technology
mplify.ng,Technology
zerod.ng,Technology
sidmach.net.ng,Technology
unaab.edu.ng,Education
bet9japromotioncode.com.ng,Sports & Betting
nrs.gov.ng,Government
destinedwebhost.com.ng,Technology
7starhd.ngo,Technology
iconicuniversity.edu.ng,Education
themoviesflix.ng,Technology
_wildcard_.ngo.ph,Technology
unilorin.edu.ng,Education
tsuniversity.edu.ng,Education
tori.ng,Technology
icirnigeria.org,Technology
cloudhost.com.ng,Technology
shard-esport.ng,Sports & Betting
wego.com.ng,Technology
spri.ng,Technology
footballinnigeria.com.ng,Sports & Betting
naijamp3s.com,Technology
bauchistate.gov.ng,Government
azscore.ng,Technology
latestnigeriannews.com,News & Media
dailytrust.com.ng,Technology
bri4dlagos.com,Technology
ssrmovies.ngo,Technology
lg.gov.ng,Government
accesspensions.ng,Technology
domainhosting.com.ng,Technology
slovenijanet.com,Technology
thenigerianvoice.com,Technology
abuad.edu.ng,Education
isnigeria.com.ng,Technology
withinnigeria.com,Technology
naijarewards.click,Technology
camsweb.com.ng,Technology
pelicanstaffingnigeria.com,Technology
alat.ng,Technology
stc.com.ng,Technology
unijos.edu.ng,Education
nbte.gov.ng,Government
gismeteo.ng,Technology
oyostate.gov.ng,Government
tooXclusive.com,News & Media
Patricia.com,Technology
manijauto.com.mx,Technology
cattycanija.casa,Technology
abtc.ng,Technology
cdcfib.gov.ng,Government
newonefreda.com.ng,Technology
cu.edu.ng,Education
uniabuja.edu.ng,Education
naijapay.com.ng,Finance
deltastate.gov.ng,Government
be.gov.ng,Government
lagos.com,Technology
nigeriatunes.com,Technology
onlinenigeria.com,Technology
websetly.com,Technology